train,mean(MSE),train,mean(IS95)
test,2.8473320142166996,test,35.510195162581844
train,2.6793158565171797,train,34.44969544269185
