train,mean(MSE),train,mean(IS95)
test,27.557243835890826,test,148.00622208414617
train,27.261967470179123,train,147.33460291553806
