train,mean(MSE),train,mean(IS95)
test,27.33062715120154,test,144.0184331671815
train,27.13126261703093,train,143.293916995765
