parametro,posterior.mean,posterior.sd,MSEn,ISn
beta0,-0.001036478368863843,0.001038077620724594,8.108301821363548e-5,4.071665399290432
phi,4.58195329060133,5.052948366015471,0.20618085762844954,16.551975689648483
sigma,3.0152587117095246e-7,9.757785922962943e-7,2.993972777994129e-4,39.99387857508247
tau,3.008805263510975e-4,6.797463125141493e-6,0.06278953701695,8027.890427398786
