parametro,posterior.mean,posterior.sd,MSEn,ISn
beta0,-0.0010152664999871614,0.0010007312138186797,9.8892185548555e-7,3.9251769244508994
phi,6.806739898729592,6.453983307517964,1.379418412586674,4.720280457005779
sigma,3.2927759527863515e-9,5.191083609206621e-9,2.999341483465386e-5,39.998135381820745
tau,3.084186096898312e-5,2.3363197823540108e-7,6.056450174738275e-4,810.7614284308688
