train,mean(MSE),train,mean(IS95)
test,2.8248177756656205,test,35.90953215723591
train,2.7251831758564395,train,35.91427920211409
