train,mean(MSE),train,mean(IS95)
test,278.35235887433083,test,500.92295026081047
train,273.785242135051,train,499.52165241285536
