train,mean(MSE),train,mean(IS95)
test,27.422012178394304,test,144.49042298418308
train,27.147318292641145,train,144.5817548246809
