train,mean(MSE),train,mean(IS95)
test,2.8557303467894664,test,35.75497128241268
train,2.695654494314518,train,34.64022126333557
