parametro,posterior.mean,posterior.sd,MSEn,ISn
beta0,-0.0011416529795975155,0.0010433222036669507,8.504447877691043e-5,4.092285745938231
phi,4.443518681197199,6.407916256859952,0.6399496596237599,20.65849135259026
sigma,7.83166291742871e-7,2.5928076766980224e-6,2.9843653529670227e-4,39.982830258058236
tau,0.0030047899333330574,2.4406017655641692e-5,6.314436629572795,82803.80578770656
