train,mean(MSE),train,mean(IS95)
test,275.4673821563607,test,507.38567603882314
train,278.28782036126387,train,508.2849488933001
