train,mean(MSE),train,mean(IS95)
test,2.8690957826105254,test,36.470185286223995
train,2.7687650296436734,train,36.27526085625996
