train,mean(MSE),train,mean(IS95)
test,2.8557303467884116,test,35.75497116596209
train,2.6956544919902288,train,34.64022114353751
