parametro,posterior.mean,posterior.sd,MSEn,ISn
beta0,-0.0010067098177352453,0.00100435026419005,8.543476796862808e-6,3.9393721261256
phi,3.1113660580041094,2.711088486890164,0.8700037989039695,21.821546780267674
sigma,7.205451022065255e-8,1.4528994391171406e-7,2.9856133828104692e-5,39.96410567336419
tau,3.076170416718168e-5,6.761148427792606e-7,6.025472181731325e-4,786.8469013450008
