train,mean(MSE),train,mean(IS95)
test,271.36066778678133,test,499.07149722490385
train,273.53248339349693,train,501.866078011549
