train,mean(MSE),train,mean(IS95)
test,2.8248177756656796,test,35.90953155170838
train,2.725183167417592,train,35.91427865124398
