train,mean(MSE),train,mean(IS95)
test,27.28693992972343,test,143.67677834824252
train,26.98632403236764,train,142.816816629635
