parametro,posterior.mean,posterior.sd,MSEn,ISn
beta0,-0.001130575210382446,0.0013243447366972385,8.006148090776462e-4,5.194543417994255
phi,5.40029159322712,7.862868042976001,0.2522272558569161,17.189495148915917
sigma,3.6322255723854836e-7,9.064821270234985e-7,2.9927406209677985e-4,39.988913361508686
tau,0.0030069839319830545,6.471330979539397e-5,6.324764741439849,80816.88901711834
