parametro,posterior.mean,posterior.sd,MSEn,ISn
beta0,-0.0010452436733723173,0.001004991483200934,8.732863228835688e-6,3.9418875259053276
phi,3.910416320836115,3.6184460522367417,1.0824154399021435,18.04014455506604
sigma,4.783110802356726e-7,1.7209439819889532e-7,2.9904694873712193e-4,39.94221950835092
tau,3.0148070178401677e-4,1.9401043222268097e-6,0.06302579214870442,8302.935915489395
