train,mean(MSE),train,mean(IS95)
test,271.360667786945,test,499.07149944562104
train,273.5324834284054,train,501.86608033558207
