train,mean(MSE),train,mean(IS95)
test,2.8973764255740364,test,36.35632078474311
train,2.708329205087238,train,35.20421323511386
