train,mean(MSE),train,mean(IS95)
test,274.29933484900744,test,498.4724808583347
train,273.2226177176068,train,498.88488580626455
