parametro,posterior.mean,posterior.sd,MSEn,ISn
beta0,-9.758903550944405e-4,0.0010909791543160432,7.713545938070784e-5,4.279161649245397
phi,4.1463117535932925,5.2571656194776075,0.22616303628446674,20.643764503155843
sigma,3.978566958224092e-7,9.555493137446456e-7,2.9920483227598355e-4,39.98671170355319
tau,0.0030060889775935643,3.347871952729675e-5,6.3206558357348985,82335.89772587286
