parametro,posterior.mean,posterior.sd,MSEn,ISn
beta0,-0.0010067098177955645,0.0010043502641705888,8.543476785558794e-6,3.9393721260490784
phi,3.1113655572324057,2.7110879679607125,0.8700041319111924,21.82154934180881
sigma,7.205441241087659e-8,1.4528957461315293e-7,2.9856134022985476e-5,39.964105685161464
tau,3.0761704164040485e-5,6.761148483469768e-7,6.025472180439721e-4,786.8469003574891
