train,mean(MSE),train,mean(IS95)
test,273.32717903454477,test,496.4717693054833
train,273.1006257444039,train,495.8191963182995
