train,mean(MSE),train,mean(IS95)
test,27.33062298285932,test,143.93905566074562
train,27.130049657208204,train,143.20973187460285
