train,mean(MSE),train,mean(IS95)
test,27.11420234873241,test,145.13325063841884
train,27.205991491425888,train,145.80181884201312
