train,mean(MSE),train,mean(IS95)
test,2.837120787093981,test,36.189055402402204
train,2.725242699877555,train,36.61918232068532
