parametro,posterior.mean,posterior.sd,MSEn,ISn
beta0,-0.0010364178256135293,0.0010380554398848156,8.106010783326495e-5,4.071578159328265
phi,4.720991031945668,5.298983076372637,0.17696831515349812,16.10778857166933
sigma,2.743498333901936e-7,8.748572095200867e-7,2.994515836104999e-4,39.99427753183521
tau,3.008907995425366e-4,6.792887136487406e-6,0.06279378587806397,8028.55438329207
