train,mean(MSE),train,mean(IS95)
test,273.3271790345994,test,496.4717675033399
train,273.100625705043,train,495.81919451251895
