train,mean(MSE),train,mean(IS95)
test,274.29933485013714,test,498.4724846815616
train,273.22261778142257,train,498.8848896922276
