parametro,posterior.mean,posterior.sd,MSEn,ISn
beta0,-9.984486576023316e-4,0.001001283947608307,7.829722638627745e-7,3.9273449253695
phi,4.354862251727104,4.607583754632,0.8282347634069975,16.78228258857301
sigma,5.7523509180162034e-8,2.6173210355748893e-7,2.9885131361905917e-5,40.000611008234266
tau,3.09060470927519e-5,3.146651534092187e-7,6.084050667822506e-4,808.8249094639345
