train,mean(MSE),train,mean(IS95)
test,2.8579050245406132,test,36.28729196231966
train,2.730717434133346,train,36.673013274332085
