parametro,posterior.mean,posterior.sd,MSEn,ISn
beta0,-0.0019166213342682906,0.001324007370540434,0.005525675581836502,17.3354977095744
phi,4.286871715200822,5.915691066369158,0.18921432615520026,21.206546174650402
rho,0.8044213852594411,0.2424094410152966,2.61538828575507e-4,1.0170330983256808
sigma,5.895791866863259e-14,1.6235303993703317e-13,0.002999999999882084,39.99999999985184
tau,0.0030118597189405724,6.81740750401852e-5,6.3469954503469665,80698.2257200423
