train,mean(MSE),train,mean(IS95)
test,2.8393375557596507,test,36.29418644614473
train,2.726762835407374,train,36.652966875861026
