train,mean(MSE),train,mean(IS95)
test,275.4145875516732,test,507.6851433137535
train,274.0528518336676,train,506.21620866702705
