train,mean(MSE),train,mean(IS95)
test,2.8696992994073023,test,36.51617461494126
train,2.7359419655438995,train,36.72614452578511
