train,mean(MSE),train,mean(IS95)
test,27.550369646782407,test,148.08243830394366
train,27.673598942764837,train,148.0531915836548
