parametro,posterior.mean,posterior.sd,MSEn,ISn
beta0,-0.0011338338645973986,0.0010412163240599666,7.174060887326485e-4,4.081492990547702
phi,3.929876227334246,4.91934937330216,0.24416625356531424,21.498254274671005
rho,0.7845444759598567,0.29263640070981034,0.0011661128720049732,1.260973723809405
sigma,5.5480991034698475e-14,1.464697786220157e-13,0.002999999999889038,39.99999999983636
tau,0.0030106948149226475,2.1742504554397855e-5,6.339790242427792,83080.84354208366
