train,mean(MSE),train,mean(IS95)
test,27.801534855393772,test,147.1115446401891
train,27.246112195420448,train,146.35791013297552
