train,mean(MSE),train,mean(IS95)
test,2.863955248919271,test,36.378781632572434
train,2.731352833755426,train,35.98166665074103
