train,mean(MSE),train,mean(IS95)
test,27.26524606466818,test,147.2582989016999
train,27.17467778347923,train,147.06578743151547
