train,mean(MSE),train,mean(IS95)
test,27.2075503802785,test,144.25397885795005
train,27.10188340768349,train,144.47797787366628
