train,mean(MSE),train,mean(IS95)
test,272.1695127173697,test,498.8783647669862
train,272.8240377448556,train,499.5024593816889
