parametro,posterior.mean,posterior.sd,MSEn,ISn
beta0,-9.947506962183078e-4,0.0010012820245772444,1.1336737488161003e-6,3.927337380932733
phi,4.216694636589152,4.541228792517786,0.7244841256092059,17.845274503454103
sigma,6.38899365472836e-8,3.3659466045407127e-7,2.9872490466862245e-5,47.745365412951934
tau,3.080582770589534e-5,3.254224777722394e-7,6.042151773333044e-4,805.1489180401899
