train,mean(MSE),train,mean(IS95)
test,27.340943665649608,test,145.8233707540352
train,27.129455328730675,train,145.62849725424334
