train,mean(MSE),train,mean(IS95)
test,273.60448175978684,test,501.3925353722284
train,272.8881964218539,train,501.3870172594793
