train,mean(MSE),train,mean(IS95)
test,272.67201292570763,test,496.3769282034359
train,271.72442103175115,train,495.05081963596916
