train,mean(MSE),train,mean(IS95)
test,2.8477137705557634,test,36.11130106463016
train,2.7136472741216093,train,35.81738541572955
