train,mean(MSE),train,mean(IS95)
test,2.8372003581243277,test,35.974764460409055
train,2.683300207137596,train,35.01200667786137
