train,mean(MSE),train,mean(IS95)
test,27.325497874914564,test,146.02704905306743
train,26.941179927802793,train,145.45415326496206
