train,mean(MSE),train,mean(IS95)
test,272.7651204810903,test,505.438051296306
train,273.2236700266538,train,505.37978652404064
