train,mean(MSE),train,mean(IS95)
test,274.53043085077013,test,505.51533610043515
train,274.6295908020965,train,505.42883795000387
