train,mean(MSE),train,mean(IS95)
test,27.448818289314893,test,147.51087522900943
train,27.315454467259197,train,147.14261796203175
