train,mean(MSE),train,mean(IS95)
test,273.8564842758623,test,497.7994302535394
train,270.63815768462246,train,496.59864285781856
